{
    "concurrency": 50,
    "response_time_avg": 0.060609869956970215,
    "response_time_min": 0.05850505828857422,
    "response_time_max": 0.0641779899597168,
    "response_time_p50": 0.06027579307556152,
    "response_time_p95": 0.06375527381896973,
    "response_time_p99": 0.0641779899597168,
    "total_entities_found": 99,
    "avg_entities_per_request": 1.98,
    "throughput": 824.9481484698341
}