{
    "concurrency": 200,
    "response_time_avg": 0.26203590631484985,
    "response_time_min": 0.13528132438659668,
    "response_time_max": 0.3748934268951416,
    "response_time_p50": 0.24664855003356934,
    "response_time_p95": 0.37436509132385254,
    "response_time_p99": 0.37486910820007324,
    "total_entities_found": 400,
    "avg_entities_per_request": 2.0,
    "throughput": 763.254176928293
}