{
    "concurrency": 10,
    "response_time_avg": 0.06353702545166015,
    "response_time_min": 0.0628960132598877,
    "response_time_max": 0.06401848793029785,
    "response_time_p50": 0.0635988712310791,
    "response_time_p95": 0.06401848793029785,
    "response_time_p99": 0.06401848793029785,
    "total_entities_found": 19,
    "avg_entities_per_request": 1.9,
    "throughput": 157.38854516581262
}