{
    "concurrency": 100,
    "response_time_avg": 0.11824219703674316,
    "response_time_min": 0.07872200012207031,
    "response_time_max": 0.17110991477966309,
    "response_time_p50": 0.11611819267272949,
    "response_time_p95": 0.1532595157623291,
    "response_time_p99": 0.17110991477966309,
    "total_entities_found": 198,
    "avg_entities_per_request": 1.98,
    "throughput": 845.7217685910007
}