{
    "concurrency": 100,
    "response_time_avg": 0.27237645626068113,
    "response_time_min": 0.22547149658203125,
    "response_time_max": 0.2819864749908447,
    "response_time_p50": 0.27780914306640625,
    "response_time_p95": 0.28087830543518066,
    "response_time_p99": 0.2819864749908447,
    "total_entities_found": 198,
    "avg_entities_per_request": 1.98,
    "throughput": 367.1389273979459
}