{
    "concurrency": 200,
    "response_time_avg": 0.6836417722702026,
    "response_time_min": 0.048666954040527344,
    "response_time_max": 1.5572600364685059,
    "response_time_p50": 0.62088942527771,
    "response_time_p95": 1.5385377407073975,
    "response_time_p99": 1.5571372509002686,
    "total_entities_found": 400,
    "avg_entities_per_request": 2.0,
    "throughput": 292.55087695394946
}