{
    "concurrency": 10,
    "response_time_avg": 0.03556394577026367,
    "response_time_min": 0.034770965576171875,
    "response_time_max": 0.037593841552734375,
    "response_time_p50": 0.03540349006652832,
    "response_time_p95": 0.037593841552734375,
    "response_time_p99": 0.037593841552734375,
    "total_entities_found": 19,
    "avg_entities_per_request": 1.9,
    "throughput": 281.18364774814637
}